{
	"id": "anshudice",
	"name": "anshuudice",
	"title": "Anshu's Exalted Dice for Dice So Nice",
	"description": "Exalted-themed dice presets for Dice So Nice. Requires Dice So Nice module to work.",
	"version": "0.1-alpha.4",
	"library": "false",
	"compatibility": {
    "minimum": "9",
    "verified": "11",
	"maximum": "11"
  },
	"authors": [
		{
			"name":"anshu0783", 
			"url": "https://discord.com/users/251056484954144771"
		}
	],
	"relationships": {
		"requires": [{
			"id": "dice-so-nice",
			"type": "module",
			"manifest": "https://gitlab.com/riccisi/foundryvtt-dice-so-nice/raw/master/module/module.json"
	  }]
	},
	"conflicts": [
    
	],
	"esmodules": [
  
	],
	"scripts": [
		"scripts/anshudice.js"
	],
		"styles": [
		"dicestyle.css"
	],
	"languages": [

	],
	"url": "https://github.com/Taurus-II/foundry-anshudice",
	"manifest": "https://raw.githubusercontent.com/Taurus-II/foundry-anshudice/main/anshudice/module.json",
	"download": "https://raw.githubusercontent.com/Taurus-II/foundry-anshudice/main/anshudice01.zip",
	"readme": "https://raw.githubusercontent.com/Taurus-II/foundry-anshudice/main/README.md"
}
