 {
    "name": "anshudice",
    "title": "Anshu's Exalted Dice for Dice So Nice",
    "description": "Additional Dice presets and themes for Dice So Nice. Requires Dice So Nice module to work.",
    "version": "0.1",
	"author": "Taurus-II",
	"authors": [
		{
			"name":"anshu0783", 
			"url": "https://discord.com/users/251056484954144771"
		}
	],
	"minimumCoreVersion": "0.7.5",
    "compatibleCoreVersion": "0.7.5",
	"dependencies": [
			{
			  "name": "dice-so-nice",
			  "manifest": "https://gitlab.com/riccisi/foundryvtt-dice-so-nice/raw/master/module/module.json"
			}
	],
	"styles": [
		"dicestyle.css"
	],
	"scripts": [
		"scripts/anshudice.js"
	],
	"url": "https://github.com/Taurus-II/foundry-anshudice",
	"manifest": "https://raw.githubusercontent.com/Taurus-II/foundry-anshudice/main/anshudice/module.json",
	"download": "https://raw.githubusercontent.com/Taurus-II/foundry-anshudice/main/anshudice01.zip",
	"readme": "https://raw.githubusercontent.com/Taurus-II/foundry-anshudice/main/README.md"
}
